201	unit
202	total
203	complex
204	employ
205	promote
206	literature
207	procedure
208	appropriate
209	estimate
210	negative
211	characteristic
212	typically
213	challenge
214	principle
215	element
216	ethnic
217	depend
218	creation
219	integration
220	aspect
221	publish
222	perspective
223	basic
224	belief
225	technique
226	outcome
227	explore
228	distribution
229	future
230	importance
231	independent
232	initial
233	feature
234	desire
235	following
236	alternative
237	consistent
238	basis
239	contrast
240	obtain
241	regarding
242	european
243	distinction
244	express
245	variety
246	broad
247	component
248	frequently
249	assume
250	additional
251	tool
252	predict
253	internal
254	labor
255	engage
256	separate
257	highly
258	rely
259	assess
260	objective
261	encourage
262	adopt
263	view
264	stability
265	client
266	instrument
267	extend
268	construct
269	demand
270	vision
271	propose
272	efficiency
273	solution
274	multiple
275	conclusion
276	overall
277	presence
278	claim
279	transform
280	generate
281	failure
282	advance
283	connection
284	journal
285	initiative
286	enhance
287	accurate
288	facility
289	urban
290	protection
291	extent
292	mental
293	consequence
294	institute
295	content
296	device
297	scholar
298	visual
299	above
300	unique
301	difficulty
302	discipline
303	sustain
304	capacity
305	perceive
306	i.e.
307	ensure
308	conclude
309	combination
310	agricultural
311	moreover
312	emphasize
313	rapidly
314	approximately
315	acceptance
316	sector
317	commitment
318	experiment
319	implication
320	evaluate
321	precisely
322	notion
323	domestic
324	restriction
325	consist
326	actual
327	formal
328	industrial
329	revolution
330	fundamental
331	essential
332	adapt
333	contact
334	colleague
335	dimension
336	account
337	statistics
338	theme
339	locate
340	adequate
341	largely
342	ideal
343	philosophy
344	minority
345	hypothesis
346	psychological
347	enable
348	trend
349	exchange
350	percentage
351	sufficient
352	substantial
353	explanation
354	emotional
355	preference
356	calculate
357	external
358	code
359	flow
360	transition
361	subsequent
362	phase
363	rural
364	intensity
365	monitor
366	competitive
367	core
368	volume
369	framework
370	incorporate
371	encounter
372	cite
373	attribute
374	emphasis
375	waste
376	climate
377	differ
378	technical
379	mechanism
380	description
381	assert
382	assistance
383	considerable
384	modify
385	isolation
386	territory
387	origin
388	respectively
389	judgement
390	cycle
391	assumption
392	german
393	illustrate
394	justify
395	manner
396	constitute
397	phenomenon
398	relevant
399	acquire
400	correspond
401	planning
402	error
403	household
404	practical
405	professional
406	theoretical
407	summary
408	depression
409	sequence
410	consideration
411	derive
412	arise
413	radical
414	collective
415	recognition
416	proportion
417	mode
418	resistance
419	furthermore
420	diversity
421	anxiety
422	logic
423	whole
424	characterize
425	cooperation
426	dominate
427	implementation
428	universal
429	significance
430	resolution
431	numerous
432	extensive
433	biological
434	display
435	publication
436	widely
437	permit
438	merely
439	joint
440	comprehensive
441	alter
442	insight
443	document
444	imply
445	absence
446	explicitly
447	conventional
448	index
449	nevertheless
450	facilitate
451	evolution
452	intellectual
453	govern
454	signal
455	passage
456	discovery
457	introduction
458	boundary
459	gain
460	yield
461	decline
462	ratio
463	strongly
464	crucial
465	settlement
466	resolve
467	distinguish
468	independence
469	formation
470	transmission
471	shape
472	racial
473	detect
474	poverty
475	intention
476	mutual
477	evolve
478	shift
479	progressive
480	flexibility
481	domain
482	profession
483	apparent
484	coordinate
485	constrain
486	assign
487	asia
488	electronic
489	exception
490	visible
491	norm
492	adjust
493	consumption
494	symbol
495	dominant
496	barrier
497	motor
498	entry
499	underlie
500	bias
501	discriminate
502	hence
503	guide
504	give
505	dialogue
506	manufacture
507	enterprise
508	scope
509	ethical
510	province
511	retain
512	capability
513	revision
514	residential
515	expansion
516	strengthen
517	simultaneously
518	possess
519	manifest
520	incentive
